"lname","fname","phone"
"Jackson","Jennifer","356-4780-91"
"Anderson","Brenda","467-9326-03"
"Rose","Isaiah","071-7022-71"
"Jordan","Brittany","241-3146-67"
"Obrien","Shirley","463-1168-32"
"Cook","Tanner","339-5017-41"
"Martinez","Richard","101-8919-84"
"Russell","Scott","409-0132-99"
"Schultz","Chris","962-1157-16"
"Beard","Thomas","323-1318-05"
"Howard","Caitlyn","630-4882-53"
"Montgomery","Emily","543-9553-46"
"Perkins","Jesse","582-0267-16"
"Parsons","Angela","298-2685-48"
"Blankenship","Joseph","970-7316-60"
"Rangel","April","294-0706-10"
"Raymond","Elizabeth","709-1721-99"
"Maldonado","Samuel","556-5819-00"
"Page","Lindsey","548-5442-12"
"Cross","Daniel","709-8677-25"
"Golden","David","766-4982-74"
"Cline","Diane","300-0412-69"
"Turner","Mandy","767-6240-72"
"Cannon","Joseph","936-9227-99"
"White","Jill","420-8935-72"
"Pope","Julie","021-1884-79"
"Cruz","Kara","123-8981-96"
"Thompson","Julie","117-4543-55"
"Guzman","Angel","125-0029-09"
"Merritt","Christopher","249-7128-96"
"Weber","Nathan","504-4790-46"
"Mason","Robert","247-7794-50"
"Jenkins","Brenda","946-5467-12"
"Dixon","Samantha","672-4832-04"
"Norman","John","666-9035-94"
"Holmes","Jennifer","392-9246-13"
"Rivera","Tiffany","188-0482-02"
"Gonzalez","Edward","157-1662-48"
"Austin","Joshua","708-2918-48"
"Wells","John","802-5410-19"
"Vang","Amy","765-0454-67"
"Harper","Kelly","226-2934-45"
"Williams","Scott","728-2402-00"
"Diaz","Juan","854-9127-48"
"Robbins","Nicholas","903-5793-39"
"Smith","Julie","846-9717-31"
"Edwards","Raymond","976-1606-36"
"Reed","Kara","006-3181-53"
"Wyatt","Lori","489-0261-82"
"George","Daniel","976-8289-36"
"Moss","Dustin","175-5943-40"
"Kirby","Paul","853-8206-70"
"Watts","Mary","311-5489-94"
"Willis","Kimberly","316-4035-85"
"Davis","Randy","804-3070-43"
"Anderson","Kevin","195-1530-40"
"Martin","Joanna","511-1300-56"
"Barnes","Melissa","876-1362-88"
"Williams","Alec","406-6258-91"
"Cook","Jessica","229-6020-74"
"Rowland","Christina","592-7775-33"
"Jennings","Renee","001-6313-15"
"Garcia","Michael","703-9430-70"
"Jackson","Alexis","646-2593-10"
"Miller","Janice","501-0634-41"
"Johnson","Michael","936-2590-56"
"Harris","Mark","342-7707-69"
"Bennett","Charles","909-6467-83"
"Wood","Jennifer","795-0534-46"
"Baker","Luke","706-2826-06"
"Ferguson","Charles","446-8752-83"
"Ross","Tyler","781-8769-47"
"Delacruz","Mark","936-5808-41"
"Hodge","Amber","640-2274-67"
"York","Stephanie","748-7293-73"
"Riley","Catherine","163-6659-99"
"Martin","Brian","731-0088-76"
"Hall","Dustin","429-9187-41"
"Clark","Timothy","263-7137-46"
"Perez","Clinton","723-4200-74"
"Strong","Bailey","785-8665-62"
"Garrison","Sean","625-6477-50"
"Murray","Claudia","096-5841-08"
"Reed","Angela","510-2249-30"
"Patterson","Heather","183-9734-03"
"Boyer","Steven","920-1368-70"
"Andrews","Jordan","916-8682-71"
"Brown","Michael","682-2976-63"
"Schultz","Christine","096-5611-34"
"Mcdonald","Laura","562-2848-76"
"Chavez","Tracy","312-0706-63"
"Klein","Steven","936-6960-28"
"Kirby","Teresa","438-7924-86"
"Williams","Kevin","520-3028-08"
"Fisher","Juan","830-4866-06"
"Wilcox","William","869-4072-20"
"Harris","Joshua","575-3235-06"
"Pena","Patricia","289-0064-36"
"Henry","Cheryl","921-1026-92"
"Hughes","Aaron","268-6655-21"
